SET session_replication_role = replica;

--
-- PostgreSQL database dump
--

-- Dumped from database version 17.4
-- Dumped by pg_dump version 17.4

SET statement_timeout = 0;
SET lock_timeout = 0;
SET idle_in_transaction_session_timeout = 0;
SET transaction_timeout = 0;
SET client_encoding = 'UTF8';
SET standard_conforming_strings = on;
SELECT pg_catalog.set_config('search_path', '', false);
SET check_function_bodies = false;
SET xmloption = content;
SET client_min_messages = warning;
SET row_security = off;

--
-- Data for Name: audit_log_entries; Type: TABLE DATA; Schema: auth; Owner: supabase_auth_admin
--



--
-- Data for Name: flow_state; Type: TABLE DATA; Schema: auth; Owner: supabase_auth_admin
--



--
-- Data for Name: users; Type: TABLE DATA; Schema: auth; Owner: supabase_auth_admin
--



--
-- Data for Name: identities; Type: TABLE DATA; Schema: auth; Owner: supabase_auth_admin
--



--
-- Data for Name: instances; Type: TABLE DATA; Schema: auth; Owner: supabase_auth_admin
--



--
-- Data for Name: sessions; Type: TABLE DATA; Schema: auth; Owner: supabase_auth_admin
--



--
-- Data for Name: mfa_amr_claims; Type: TABLE DATA; Schema: auth; Owner: supabase_auth_admin
--



--
-- Data for Name: mfa_factors; Type: TABLE DATA; Schema: auth; Owner: supabase_auth_admin
--



--
-- Data for Name: mfa_challenges; Type: TABLE DATA; Schema: auth; Owner: supabase_auth_admin
--



--
-- Data for Name: one_time_tokens; Type: TABLE DATA; Schema: auth; Owner: supabase_auth_admin
--



--
-- Data for Name: refresh_tokens; Type: TABLE DATA; Schema: auth; Owner: supabase_auth_admin
--



--
-- Data for Name: sso_providers; Type: TABLE DATA; Schema: auth; Owner: supabase_auth_admin
--



--
-- Data for Name: saml_providers; Type: TABLE DATA; Schema: auth; Owner: supabase_auth_admin
--



--
-- Data for Name: saml_relay_states; Type: TABLE DATA; Schema: auth; Owner: supabase_auth_admin
--



--
-- Data for Name: sso_domains; Type: TABLE DATA; Schema: auth; Owner: supabase_auth_admin
--



--
-- Data for Name: library_tracks; Type: TABLE DATA; Schema: public; Owner: postgres
--

INSERT INTO "public"."library_tracks" ("id", "track_id", "name", "artist", "genre", "bpm", "key", "duration", "type", "size", "tags", "is_pro_only", "is_active", "rotation_week", "file_key", "preview_key", "short_hash", "content_hash", "size_bytes", "content_type", "created_at", "updated_at") VALUES
	('9ecd74a3-f806-4431-9c7a-8e0cf8f35187', 'break-the-chains-version-2', 'Break The Chains - Version  2', 'Generated by Audafact', '{r&b,orchestral,soul}', NULL, NULL, NULL, 'mp3', '3.74 MB', '{"female vocalist",r&b,uploifiting,conscious,anthemic,orchestral,soul}', false, true, NULL, 'library/originals/break-the-chains-version-2-6f2ddf15da.mp3', 'library/previews/break-the-chains-version-2-6f2ddf15da-preview.mp3', '6f2ddf15da', '6f2ddf15dab354a5a3f83ca5b3a2247dc771c946c1fe9e72c34560883dda7c0b', 3922726, 'audio/mpeg', '2025-08-31 03:00:20.025485+00', '2025-09-01 01:00:46.222363+00'),
	('725f7130-d2f1-409c-8ebd-075e6d980fbf', 'break-the-chains-version-3', 'Break The Chains - Version  3', 'Generated by Audafact', '{r&b,orchestral,soul}', NULL, NULL, NULL, 'mp3', '3.74 MB', '{"female vocalist",r&b,uploifiting,conscious,anthemic,orchestral,soul}', false, true, NULL, 'library/originals/break-the-chains-version-3-328b0a8480.mp3', 'library/previews/break-the-chains-version-3-328b0a8480-preview.mp3', '328b0a8480', '328b0a8480685ec0549e12f106b192d1c5328c44706336a3e7e98a93a0f2ac5e', 3922726, 'audio/mpeg', '2025-08-31 03:00:20.025485+00', '2025-09-01 01:00:46.222363+00'),
	('bdcf4046-bf2f-4145-8af4-3d5d90773cc5', 'break-the-chains-version-4', 'Break The Chains - Version  4', 'Generated by Audafact', '{r&b,orchestral,soul}', NULL, NULL, NULL, 'mp3', '3.74 MB', '{"female vocalist",r&b,uploifiting,conscious,anthemic,orchestral,soul}', false, true, NULL, 'library/originals/break-the-chains-version-4-21d584a0fd.mp3', 'library/previews/break-the-chains-version-4-21d584a0fd-preview.mp3', '21d584a0fd', '21d584a0fd9182076c825e3dbfacf80eead44c6d540b78903a2cb574f1d1a31d', 3922726, 'audio/mpeg', '2025-08-31 03:00:20.025485+00', '2025-09-01 01:00:46.222363+00'),
	('ae27bc52-3be6-44dc-a21b-ae499f975ab6', 'dancing-thrilling', 'Dancing Thrilling', 'Generated by Audafact', '{disco,r&b,soul,funk}', NULL, NULL, NULL, 'mp3', '774.7 KB', '{dance,disco,r&b,soul,"smooth soul",funk,80s,soulful}', false, true, NULL, 'library/originals/dancing-thrilling-16108fe9b1.mp3', 'library/previews/dancing-thrilling-16108fe9b1-preview.mp3', '16108fe9b1', '16108fe9b1b39fe870a0959cf1c8e22b169480bee2899e6454c53c70e0a7c04c', 793294, 'audio/mpeg', '2025-08-31 03:00:20.025485+00', '2025-09-01 01:00:46.222363+00'),
	('dcfcf29f-7918-4a4b-8e3e-cb84c973ca52', 'echoes-of-grandeur-alt-1', 'Echoes Of Grandeur - Alternate  1', 'Generated by Audafact', '{unknown}', NULL, NULL, NULL, 'mp3', '1.5 MB', '{""}', false, true, NULL, 'library/originals/echoes-of-grandeur-alt-1-07daafc260.mp3', 'library/previews/echoes-of-grandeur-alt-1-07daafc260-preview.mp3', '07daafc260', '07daafc2600a53f013e3783d2c1dcff88229b6ff68462311a76335418c22a920', 1576670, 'audio/mpeg', '2025-08-31 03:00:20.025485+00', '2025-09-01 01:00:46.222363+00'),
	('8624adb9-5ab7-4783-ac04-ca0e007ce817', 'echoes-of-grandeur-alt-2', 'Echoes Of Grandeur - Alternate  2', 'Generated by Audafact', '{unknown}', NULL, NULL, NULL, 'mp3', '2.25 MB', '{""}', false, true, NULL, 'library/originals/echoes-of-grandeur-alt-2-bb7c5457ee.mp3', 'library/previews/echoes-of-grandeur-alt-2-bb7c5457ee-preview.mp3', 'bb7c5457ee', 'bb7c5457ee52e21dec7273c696822dad253a2567218cd039a5dc7a96bba7a937', 2360610, 'audio/mpeg', '2025-08-31 03:00:20.025485+00', '2025-09-01 01:00:46.222363+00'),
	('027f3e78-a4db-43e8-a325-2a03af480548', 'echoes-of-grandeur-version-1', 'Echoes Of Grandeur - Version  1', 'Generated by Audafact', '{"classical music"}', NULL, NULL, NULL, 'mp3', '2.99 MB', '{cinematic,orchestral,"film score",epic,atmospheric,instrumental}', false, true, NULL, 'library/originals/echoes-of-grandeur-version-1-12f622cb36.mp3', 'library/previews/echoes-of-grandeur-version-1-12f622cb36-preview.mp3', '12f622cb36', '12f622cb36cc2264b2876be5380d3f22320a5aa8346e85d80cdb87a656a5e2f4', 3139942, 'audio/mpeg', '2025-08-31 03:00:20.025485+00', '2025-09-01 01:00:46.222363+00'),
	('0e4bcc52-15c0-4a83-a8b6-348955fc5946', 'echoes-of-grandeur-version-2', 'Echoes Of Grandeur - Version  2', 'Generated by Audafact', '{"classical music"}', NULL, NULL, NULL, 'mp3', '2.99 MB', '{cinematic,orchestral,"film score",epic,atmospheric,instrumental}', false, true, NULL, 'library/originals/echoes-of-grandeur-version-2-9afed79e38.mp3', 'library/previews/echoes-of-grandeur-version-2-9afed79e38-preview.mp3', '9afed79e38', '9afed79e3862e389f8d5649b9ef1d455b37db665bb276d46fca64ed2147051c7', 3139942, 'audio/mpeg', '2025-08-31 03:00:20.025485+00', '2025-09-01 01:00:46.222363+00'),
	('3654320c-0fe9-440c-8bd6-09c8cd28abc0', 'feel-the-magic-rising-up-version-1', 'Feel The Magic Rising Up - Version  1', 'Generated by Audafact', '{r&b,"rock & roll","rhythm & blues",soul,funk}', NULL, NULL, NULL, 'mp3', '3.74 MB', '{"male vocalist",r&b,"rock & roll","rhythm & blues",soul,passionate,funk,melodic,rhythmic,atmospheric,soulful,70s,funky}', false, true, NULL, 'library/originals/feel-the-magic-rising-up-version-1-adb8a70b96.mp3', 'library/previews/feel-the-magic-rising-up-version-1-adb8a70b96-preview.mp3', 'adb8a70b96', 'adb8a70b9651ead16d8a23ba31a3254356887e664e07db13fd4e419a6721fa66', 3926774, 'audio/mpeg', '2025-08-31 03:00:20.393026+00', '2025-09-01 01:00:46.222363+00'),
	('1cea6191-fbe1-4601-8a0e-c6e97e6084b6', 'feel-the-magic-rising-up-version-2', 'Feel The Magic Rising Up - Version  2', 'Generated by Audafact', '{r&b,"rock & roll","rhythm & blues",soul,funk}', NULL, NULL, NULL, 'mp3', '3.74 MB', '{"male vocalist",r&b,"rock & roll","rhythm & blues",soul,passionate,funk,melodic,rhythmic,atmospheric,soulful,70s,funky}', false, true, NULL, 'library/originals/feel-the-magic-rising-up-version-2-d4dcb089aa.mp3', 'library/previews/feel-the-magic-rising-up-version-2-d4dcb089aa-preview.mp3', 'd4dcb089aa', 'd4dcb089aa3d29811ed22fe4c89e4a1dcff3716e90edb82390dc4127ea9f2d1f', 3926774, 'audio/mpeg', '2025-08-31 03:00:20.393026+00', '2025-09-01 01:00:46.222363+00'),
	('4781c47c-a713-47fb-8732-961a00527891', 'feel-the-magic-rising-up-version-4', 'Feel The Magic Rising Up - Version  4', 'Generated by Audafact', '{r&b,"rock & roll","rhythm & blues",soul,funk}', NULL, NULL, NULL, 'mp3', '3.74 MB', '{"male vocalist",r&b,"rock & roll","rhythm & blues",soul,passionate,funk,melodic,rhythmic,atmospheric,soulful,70s,funky}', false, true, NULL, 'library/originals/feel-the-magic-rising-up-version-4-7b9b302413.mp3', 'library/previews/feel-the-magic-rising-up-version-4-7b9b302413-preview.mp3', '7b9b302413', '7b9b30241391718d02f2f5fa26a6a2a909eaf2abd19d38286a5a8b6a3ecc8379', 3926774, 'audio/mpeg', '2025-08-31 03:00:20.393026+00', '2025-09-01 01:00:46.222363+00'),
	('efcf4315-4c35-4534-bfd8-4bb89bd0070a', 'feel-the-rhythm-now-version-1', 'Feel The Rhythm Now - Version  1', 'Generated by Audafact', '{pop,r&b,soul}', NULL, NULL, NULL, 'mp3', '3.74 MB', '{"female vocalist",pop,r&b,"pop soul",soul,"smooth soul",anthemic,melodic,love,"motown sound"}', false, true, NULL, 'library/originals/feel-the-rhythm-now-version-1-98223ff93e.mp3', 'library/previews/feel-the-rhythm-now-version-1-98223ff93e-preview.mp3', '98223ff93e', '98223ff93e05f3898af9d0b7164e1e4874458e5854df1f1a7f0196c3ea55e7e7', 3921004, 'audio/mpeg', '2025-08-31 03:00:20.393026+00', '2025-09-01 01:00:46.222363+00'),
	('ff603882-6e16-4773-b9d6-14c124deef87', 'feel-the-rhythm-now-version-2', 'Feel The Rhythm Now - Version  2', 'Generated by Audafact', '{pop,r&b,soul}', NULL, NULL, NULL, 'mp3', '3.74 MB', '{"female vocalist",pop,r&b,"pop soul",soul,"smooth soul",anthemic,melodic,love,"motown sound"}', false, true, NULL, 'library/originals/feel-the-rhythm-now-version-2-c7d0eba602.mp3', 'library/previews/feel-the-rhythm-now-version-2-c7d0eba602-preview.mp3', 'c7d0eba602', 'c7d0eba602fa26825d0a9b06e7a280fd0f9b417cc58a9e24176f6819d9d716bb', 3921004, 'audio/mpeg', '2025-08-31 03:00:20.393026+00', '2025-09-01 01:00:46.222363+00'),
	('7b0facc4-8033-4301-95d1-30c4f717642c', 'groove-vibes-alt-1', 'Groove Vibes - Alternate  1', 'Generated by Audafact', '{unknown}', NULL, NULL, NULL, 'mp3', '1.5 MB', '{""}', false, true, NULL, 'library/originals/groove-vibes-alt-1-0063b24cc3.mp3', 'library/previews/groove-vibes-alt-1-0063b24cc3-preview.mp3', '0063b24cc3', '0063b24cc3e443bd19efa6c518865f7659f64e4b15d2e128c8619631381d462a', 1576658, 'audio/mpeg', '2025-08-31 03:00:20.393026+00', '2025-09-01 01:00:46.222363+00'),
	('dc5190d6-1aa0-42b0-80df-6d9cab5bbb46', 'groove-vibes-version-2', 'Groove Vibes - Version  2', 'Generated by Audafact', '{edm,house}', NULL, NULL, NULL, 'mp3', '2.35 MB', '{"male vocalist",electronic,"electronic dance music",breakbeat,house,"funky house",party,energetic,sampling,summer,uplifting,happy,soulful,instrumental}', false, true, NULL, 'library/originals/groove-vibes-version-2-f802e63e63.mp3', 'library/previews/groove-vibes-version-2-f802e63e63-preview.mp3', 'f802e63e63', 'f802e63e631f80cea97c2cbb1e653a80a5becfe3632246d44f9ac3041cd78f50', 2468890, 'audio/mpeg', '2025-08-31 03:00:20.393026+00', '2025-09-01 01:00:46.222363+00'),
	('e6d38a14-40be-48ad-84a3-781c761f24ec', 'groove-vibes-version-3', 'Groove Vibes - Version  3', 'Generated by Audafact', '{edm,house}', NULL, NULL, NULL, 'mp3', '2.35 MB', '{"male vocalist",electronic,"electronic dance music",breakbeat,house,"funky house",party,energetic,sampling,summer,uplifting,happy,soulful,instrumental}', false, true, NULL, 'library/originals/groove-vibes-version-3-8aa8ab8be0.mp3', 'library/previews/groove-vibes-version-3-8aa8ab8be0-preview.mp3', '8aa8ab8be0', '8aa8ab8be0f862fcb3e3667f861c42bb6a4629b649e34c15b6ea762bf17ee8e5', 2468890, 'audio/mpeg', '2025-08-31 03:00:20.526391+00', '2025-09-01 01:00:46.222363+00'),
	('f6bac5c9-fe21-47f3-a976-e6d0c0be5c30', 'groove-vibes-version-4', 'Groove Vibes - Version  4', 'Generated by Audafact', '{edm,house}', NULL, NULL, NULL, 'mp3', '2.35 MB', '{"male vocalist",electronic,"electronic dance music",breakbeat,house,"funky house",party,energetic,sampling,summer,uplifting,happy,soulful,instrumental}', false, true, NULL, 'library/originals/groove-vibes-version-4-1c328d1b2c.mp3', 'library/previews/groove-vibes-version-4-1c328d1b2c-preview.mp3', '1c328d1b2c', '1c328d1b2c13ec412aa6636a14f1a4b7e8b15bb09e9b41b34a99642f7e05b8fb', 2468890, 'audio/mpeg', '2025-08-31 03:00:20.526391+00', '2025-09-01 01:00:46.222363+00'),
	('88cdc34d-ac12-422d-a389-5c368ca3fd09', 'hearts-are-golden', 'Hearts Are Golden', 'Generated by Audafact', '{r&b,soul,pop,funk}', NULL, NULL, NULL, 'mp3', '774.7 KB', '{r&b,soul,pop,"pop soul",funk,melodic,"contemporary r&b","smooth soul",romantic,uplifting,happy}', false, true, NULL, 'library/originals/hearts-are-golden-73871d23c1.mp3', 'library/previews/hearts-are-golden-73871d23c1-preview.mp3', '73871d23c1', '73871d23c1dbf5eef0ba93150f73eccb297a2e46fcc699281b5f3a9616369b62', 793294, 'audio/mpeg', '2025-08-31 03:00:20.526391+00', '2025-09-01 01:00:46.222363+00'),
	('f01284cf-5d6a-40c3-a22d-5080a3bf427f', 'hit-the-jackpot', 'Hit The Jackpot', 'Generated by Audafact', '{rock,"rhythm and blues"}', NULL, NULL, NULL, 'mp3', '774.7 KB', '{"male vocalsit",rock,"blues rock","hard rock","boogie rock",rhythmic,passionate,energetic,raw,"rhythm and blues"}', false, true, NULL, 'library/originals/hit-the-jackpot-d759328335.mp3', 'library/previews/hit-the-jackpot-d759328335-preview.mp3', 'd759328335', 'd759328335388dfd6788b9e41f8434901f230b854d94fbbf3795211110b091b2', 793290, 'audio/mpeg', '2025-08-31 03:00:20.526391+00', '2025-09-01 01:00:46.222363+00'),
	('cb5c9650-110a-4ee8-86cc-d8594f737a4a', 'hot-honey-dripping', 'Hot Honey Dripping', 'Generated by Audafact', '{r&b,funk,edm,disco}', NULL, NULL, NULL, 'mp3', '1.5 MB', '{"male vocalist",r&b,funk,electronic,edm,rhytmic,dance-pop,dance,melodic,party,passionate,lush,love,disco,breakup,energetic,bittersweet}', false, true, NULL, 'library/originals/hot-honey-dripping-ac88988b2d.mp3', 'library/previews/hot-honey-dripping-ac88988b2d-preview.mp3', 'ac88988b2d', 'ac88988b2dcc08de68cb88f00d6ec61c38fc506bd998105ff148e0f29a01fc9c', 1576670, 'audio/mpeg', '2025-08-31 03:00:20.526391+00', '2025-09-01 01:00:46.222363+00'),
	('939b8814-51d4-473b-9620-f56f4cdae4ad', 'in-the-darkness', 'In The Darkness', 'Generated by Audafact', '{rock,blues}', NULL, NULL, NULL, 'mp3', '774.7 KB', '{"male vocalist",rock,"blues rock","garage rock",blues}', false, true, NULL, 'library/originals/in-the-darkness-c2b717e9d2.mp3', 'library/previews/in-the-darkness-c2b717e9d2-preview.mp3', 'c2b717e9d2', 'c2b717e9d2146b1e3b6f8a4c9f230082e569aa547a2a8be5bad27ab8804ea56e', 793290, 'audio/mpeg', '2025-08-31 03:00:20.526391+00', '2025-09-01 01:00:46.222363+00'),
	('cca2f320-7235-4a87-b613-0abd680b5c03', 'keep-me-in-your-heart-version-1', 'Keep Me In Your Heart - Version  1', 'Generated by Audafact', '{r&b,"smooth soul",soul,"adult contemporary"}', NULL, NULL, NULL, 'mp3', '3.73 MB', '{"female vocalist",r&b,"smooth soul",soul,ballad,introspective,melodic,"adult contemporary",sentimental}', false, true, NULL, 'library/originals/keep-me-in-your-heart-version-1-67edd54040.mp3', 'library/previews/keep-me-in-your-heart-version-1-67edd54040-preview.mp3', '67edd54040', '67edd54040d2288a7a565745847fc344154c06c06ca0489654b615c24b7cd484', 3915248, 'audio/mpeg', '2025-08-31 03:00:20.526391+00', '2025-09-01 01:00:46.222363+00'),
	('48f8ca7a-2fa5-47f4-a08a-8644696edc89', 'let-love-sing-loud', 'Let Love Sing Loud', 'Generated by Audafact', '{r&b,soul}', NULL, NULL, NULL, 'mp3', '774.7 KB', '{r&b,soul,uplifting,romantic,energetic}', false, true, NULL, 'library/originals/let-love-sing-loud-bf7a0ba171.mp3', 'library/previews/let-love-sing-loud-bf7a0ba171-preview.mp3', 'bf7a0ba171', 'bf7a0ba171e4fce1dd6d03a7e7ec7853087c987f72ac3c8b435b3563d4213dd1', 793296, 'audio/mpeg', '2025-08-31 03:00:20.526391+00', '2025-09-01 01:00:46.222363+00'),
	('3db5f6fb-69fa-475d-8337-e47f5f7104a8', 'lets-sway', 'Lets Sway', 'Generated by Audafact', '{disco,r&b,soul,funk}', NULL, NULL, NULL, 'mp3', '774.69 KB', '{dance,disco,r&b,soul,"smooth soul",funk,80s,soulful}', false, true, NULL, 'library/originals/lets-sway-6d890b9a4b.mp3', 'library/previews/lets-sway-6d890b9a4b-preview.mp3', '6d890b9a4b', '6d890b9a4beccea84c7ac8ea9a7830a002220f30e471f24a425d511d0dfb5776', 793280, 'audio/mpeg', '2025-08-31 03:00:20.526391+00', '2025-09-01 01:00:46.222363+00'),
	('2cafd8b7-3d4f-404c-9203-2f5632f923c4', 'living-for-the-thrill', 'Living For The Thrill', 'Generated by Audafact', '{rock,"alternative rock",blues,psychedelic}', NULL, NULL, NULL, 'mp3', '774.71 KB', '{"male voclaist",rock,"alternative rock","country rock",energetic,rhythmic,blues,psychedelic,warm,raw,summer}', false, true, NULL, 'library/originals/living-for-the-thrill-8eb2560ccb.mp3', 'library/previews/living-for-the-thrill-8eb2560ccb-preview.mp3', '8eb2560ccb', '8eb2560ccba498f78909b89c36e070e168abad579f7fdebe16052088ed92604e', 793302, 'audio/mpeg', '2025-08-31 03:00:20.715645+00', '2025-09-01 01:00:46.222363+00'),
	('1c45cd3f-2d40-4622-953a-50cb54168282', 'loves-a-bloom-version-1', 'Loves A Bloom - Version  1', 'Generated by Audafact', '{swing,"big band",jazz,""}', NULL, NULL, NULL, 'mp3', '2.25 MB', '{swing,"big band",jazz,energetic,"female vocalist",lush,passionate,melodic,soulful}', false, true, NULL, 'library/originals/loves-a-bloom-version-1-ae7b933d6e.mp3', 'library/previews/loves-a-bloom-version-1-ae7b933d6e-preview.mp3', 'ae7b933d6e', 'ae7b933d6e1fbcbe58b8590d4889cfb5276927771ff68092e2124081ff5f44b8', 2355418, 'audio/mpeg', '2025-08-31 03:00:20.715645+00', '2025-09-01 01:00:46.222363+00'),
	('43e99c15-d8be-4652-b166-e94dd469c7e8', 'loves-a-bloom-version-2', 'Loves A Bloom - Version  2', 'Generated by Audafact', '{swing,"big band",jazz,""}', NULL, NULL, NULL, 'mp3', '2.25 MB', '{swing,"big band",jazz,energetic,"female vocalist",lush,passionate,melodic,soulful}', false, true, NULL, 'library/originals/loves-a-bloom-version-2-761b95f31f.mp3', 'library/previews/loves-a-bloom-version-2-761b95f31f-preview.mp3', '761b95f31f', '761b95f31f71b5736e5d30423911f7a7d58c5146a3276a07c4f7f2ad32e906e2', 2355418, 'audio/mpeg', '2025-08-31 03:00:20.715645+00', '2025-09-01 01:00:46.222363+00'),
	('e2ac4a45-d37f-4098-b8eb-092f8ffd8640', 'loves-a-bloom-version-3', 'Loves A Bloom - Version  3', 'Generated by Audafact', '{swing,"big band",jazz,""}', NULL, NULL, NULL, 'mp3', '2.25 MB', '{swing,"big band",jazz,energetic,"female vocalist",lush,passionate,melodic,soulful}', false, true, NULL, 'library/originals/loves-a-bloom-version-3-d6f0cd2b94.mp3', 'library/previews/loves-a-bloom-version-3-d6f0cd2b94-preview.mp3', 'd6f0cd2b94', 'd6f0cd2b94b4fddfe731984033295ca75c86061423a14c7949f94855e5f5df8c', 2355418, 'audio/mpeg', '2025-08-31 03:00:20.715645+00', '2025-09-01 01:00:46.222363+00'),
	('f05fa130-73df-4c22-81fe-18f917e576cb', 'loves-a-bloom-version-4', 'Loves A Bloom - Version  4', 'Generated by Audafact', '{swing,"big band",jazz,""}', NULL, NULL, NULL, 'mp3', '2.99 MB', '{swing,"big band",jazz,energetic,"female vocalist",lush,passionate,melodic,soulful}', false, true, NULL, 'library/originals/loves-a-bloom-version-4-29aa524309.mp3', 'library/previews/loves-a-bloom-version-4-29aa524309-preview.mp3', '29aa524309', '29aa52430931b47b075d870abdad7bb4fc2b2faf70ba886c1dd58060ac04beed', 3138782, 'audio/mpeg', '2025-08-31 03:00:20.715645+00', '2025-09-01 01:00:46.222363+00'),
	('52fbc4bf-8ff1-48a4-bedf-c18e4cfb285d', 'loves-a-bloom-version-5', 'Loves A Bloom - Version  5', 'Generated by Audafact', '{swing,"big band",jazz,""}', NULL, NULL, NULL, 'mp3', '2.99 MB', '{swing,"big band",jazz,energetic,"female vocalist",lush,passionate,melodic,soulful}', false, true, NULL, 'library/originals/loves-a-bloom-version-5-4e5a6e8ff1.mp3', 'library/previews/loves-a-bloom-version-5-4e5a6e8ff1-preview.mp3', '4e5a6e8ff1', '4e5a6e8ff14363cd4bd8fb9202de0ba2a2fd62f1e4d8fb253c8519ced937e82c', 3138782, 'audio/mpeg', '2025-08-31 03:00:20.715645+00', '2025-09-01 01:00:46.222363+00'),
	('07d1925f-3679-48a9-a13d-7fc6d595a156', 'loves-a-bloom-version-7', 'Loves A Bloom - Version  7', 'Generated by Audafact', '{swing,"big band",jazz,""}', NULL, NULL, NULL, 'mp3', '1.5 MB', '{swing,"big band",jazz,energetic,"female vocalist",lush,passionate,melodic,soulful}', false, true, NULL, 'library/originals/loves-a-bloom-version-7-8f56719c69.mp3', 'library/previews/loves-a-bloom-version-7-8f56719c69-preview.mp3', '8f56719c69', '8f56719c690e96f5d9d7a0bb5474fc6f6089b8c3793e31086a15fbae597fb215', 1576662, 'audio/mpeg', '2025-08-31 03:00:20.715645+00', '2025-09-01 01:00:46.222363+00'),
	('de3e7e19-369e-4c98-bfc2-19630d286182', 'loves-a-bloom-version-8', 'Loves A Bloom - Version  8', 'Generated by Audafact', '{swing,"big band",jazz,""}', NULL, NULL, NULL, 'mp3', '2.25 MB', '{swing,"big band",jazz,energetic,"female vocalist",lush,passionate,melodic,soulful}', false, true, NULL, 'library/originals/loves-a-bloom-version-8-c817fe55d7.mp3', 'library/previews/loves-a-bloom-version-8-c817fe55d7-preview.mp3', 'c817fe55d7', 'c817fe55d78b8326a5f5abf4387c3d0c28d1c07de953869ad3b464ead0f93dd9', 2355418, 'audio/mpeg', '2025-08-31 03:00:20.715645+00', '2025-09-01 01:00:46.222363+00'),
	('6f819451-0dce-4630-be4e-f10daeac4309', 'loves-a-bloom-version-9', 'Loves A Bloom - Version  9', 'Generated by Audafact', '{swing,"big band",jazz,""}', NULL, NULL, NULL, 'mp3', '2.25 MB', '{swing,"big band",jazz,energetic,"female vocalist",lush,passionate,melodic,soulful}', false, true, NULL, 'library/originals/loves-a-bloom-version-9-b960eea515.mp3', 'library/previews/loves-a-bloom-version-9-b960eea515-preview.mp3', 'b960eea515', 'b960eea5157733e9866ad4c58c5021042b9c28b80c306904802c210d03d6a6ac', 2355418, 'audio/mpeg', '2025-08-31 03:00:20.926284+00', '2025-09-01 01:00:46.222363+00'),
	('af75d60a-c2b8-44c9-b55b-dc80dfdf4170', 'moonlight-swing', 'Moonlight Swing', 'Generated by Audafact', '{swing,"big band",jazz}', NULL, NULL, NULL, 'mp3', '774.7 KB', '{swing,"big band",jazz,energetic,instrumental}', false, true, NULL, 'library/originals/moonlight-swing-7bcaf6bf1c.mp3', 'library/previews/moonlight-swing-7bcaf6bf1c-preview.mp3', '7bcaf6bf1c', '7bcaf6bf1c2a6d0e16e1c5762277231380cc296186b7a4d43e3240e39e088168', 793290, 'audio/mpeg', '2025-08-31 03:00:20.926284+00', '2025-09-01 01:00:46.222363+00'),
	('c1634f3c-27a7-4908-80c2-cfd49879bb1b', 'raise-your-glass-version-1', 'Raise Your Glass - Version  1', 'Generated by Audafact', '{disco,funk}', NULL, NULL, NULL, 'mp3', '3.74 MB', '{"male vocalist",disco,dance,rhythmic,dance-pop,energetic,nu-disco,melodic,party,uplifting,"synth funk",happy}', false, true, NULL, 'library/originals/raise-your-glass-version-1-e53334f652.mp3', 'library/previews/raise-your-glass-version-1-e53334f652-preview.mp3', 'e53334f652', 'e53334f65249a1cfc27e5787e455f35dbfbf0a2ad0f09a26585fed4ef07e1ca9', 3917542, 'audio/mpeg', '2025-08-31 03:00:20.926284+00', '2025-09-01 01:00:46.222363+00'),
	('50c7b13d-0124-4ec8-9f33-889f43c7defb', 'raise-your-glass-version-2', 'Raise Your Glass - Version  2', 'Generated by Audafact', '{disco,funk}', NULL, NULL, NULL, 'mp3', '3.74 MB', '{"male vocalist",disco,dance,rhythmic,dance-pop,energetic,nu-disco,melodic,party,uplifting,"synth funk",happy}', false, true, NULL, 'library/originals/raise-your-glass-version-2-fab13d93a9.mp3', 'library/previews/raise-your-glass-version-2-fab13d93a9-preview.mp3', 'fab13d93a9', 'fab13d93a9f81460569a85a4ab2c1aaa9cbf505bd62b6f126178d75c89834878', 3917542, 'audio/mpeg', '2025-08-31 03:00:20.926284+00', '2025-09-01 01:00:46.222363+00'),
	('5f5e5d3a-b250-4aef-bab9-91aa6b6bd85f', 'raise-your-glass-version-3', 'Raise Your Glass - Version  3', 'Generated by Audafact', '{disco,funk}', NULL, NULL, NULL, 'mp3', '3.74 MB', '{"male vocalist",disco,dance,rhythmic,dance-pop,energetic,nu-disco,melodic,party,uplifting,"synth funk",happy}', false, true, NULL, 'library/originals/raise-your-glass-version-3-7609880a8b.mp3', 'library/previews/raise-your-glass-version-3-7609880a8b-preview.mp3', '7609880a8b', '7609880a8b58c18b565bed47b33caed49b16ecf65bf150a934e129c2b3fc2efd', 3917542, 'audio/mpeg', '2025-08-31 03:00:20.926284+00', '2025-09-01 01:00:46.222363+00'),
	('47e097e2-abbf-4b5b-8017-d1e2dc99369d', 'raise-your-glass-version-5', 'Raise Your Glass - Version  5', 'Generated by Audafact', '{disco,funk}', NULL, NULL, NULL, 'mp3', '3.74 MB', '{"male vocalist",disco,dance,rhythmic,dance-pop,energetic,nu-disco,melodic,party,uplifting,"synth funk",happy}', false, true, NULL, 'library/originals/raise-your-glass-version-5-b8a2f88e77.mp3', 'library/previews/raise-your-glass-version-5-b8a2f88e77-preview.mp3', 'b8a2f88e77', 'b8a2f88e7741ba04c7868f2a2b080150ec58ccb945fb81b5ea020ab75c85a81b', 3917542, 'audio/mpeg', '2025-08-31 03:00:20.926284+00', '2025-09-01 01:00:46.222363+00'),
	('b40786f4-e576-4707-be5a-332be5d27459', 'roaring-nights', 'Roaring Nights', 'Generated by Audafact', '{swing,"big band",jazz}', NULL, NULL, NULL, 'mp3', '774.7 KB', '{swing,"big band",jazz,energetic,instrumental}', false, true, NULL, 'library/originals/roaring-nights-2349ead143.mp3', 'library/previews/roaring-nights-2349ead143-preview.mp3', '2349ead143', '2349ead143987c52a0999fc986b7fc73369c1b357256e006cc63ac11fafc0d38', 793288, 'audio/mpeg', '2025-08-31 03:00:20.926284+00', '2025-09-01 01:00:46.222363+00'),
	('049ac6cd-85d0-41fb-9072-8fb620302652', 'break-the-chains-version-1', 'Break The Chains - Version  1', 'Generated by Audafact', '{r&b,orchestral,soul}', NULL, NULL, NULL, 'mp3', '3.74 MB', '{"female vocalist",r&b,uploifiting,conscious,anthemic,orchestral,soul}', false, true, NULL, 'library/originals/break-the-chains-version-1-2c7a13d7fa.mp3', 'library/previews/break-the-chains-version-1-2c7a13d7fa-preview.mp3', '2c7a13d7fa', '2c7a13d7faa56f0b54903104887bc33d1f4fd5d69e9e5463ddb67341a08f320e', 3922726, 'audio/mpeg', '2025-08-31 03:00:20.025485+00', '2025-09-01 01:00:46.222363+00'),
	('62c0951e-7819-491a-adb4-be2181a7f7cc', 'depths-of-discovery', 'Depths Of Discovery', 'Generated by Audafact', '{"classical music"}', NULL, NULL, NULL, 'mp3', '774.71 KB', '{"film score","western classical music","classical music","cinematic classical",orchestral,epic,suspenseful,triumphant,romanticism,cinematic}', false, true, NULL, 'library/originals/depths-of-discovery-9d714bbe82.mp3', 'library/previews/depths-of-discovery-9d714bbe82-preview.mp3', '9d714bbe82', '9d714bbe8253c53bb1861434451b72f38e385890b4ebfd92f36a712f143f8492', 793298, 'audio/mpeg', '2025-08-31 03:00:20.025485+00', '2025-09-01 01:00:46.222363+00'),
	('95b014e2-003c-4f3d-8731-71e0fa7b9d18', 'feel-the-magic-rising-up-version-3', 'Feel The Magic Rising Up - Version  3', 'Generated by Audafact', '{r&b,"rock & roll","rhythm & blues",soul,funk}', NULL, NULL, NULL, 'mp3', '3.74 MB', '{"male vocalist",r&b,"rock & roll","rhythm & blues",soul,passionate,funk,melodic,rhythmic,atmospheric,soulful,70s,funky}', false, true, NULL, 'library/originals/feel-the-magic-rising-up-version-3-4ae3c962c7.mp3', 'library/previews/feel-the-magic-rising-up-version-3-4ae3c962c7-preview.mp3', '4ae3c962c7', '4ae3c962c76e363d2d01da4a492ad6f97e7068d424e8486368ee64a016cb0f8f', 3926774, 'audio/mpeg', '2025-08-31 03:00:20.393026+00', '2025-09-01 01:00:46.222363+00'),
	('d8704376-c36c-48d4-9a83-97bde0cf7653', 'groove-on-the-beat', 'Groove On The Beat', 'Generated by Audafact', '{edm,house,""}', NULL, NULL, NULL, 'mp3', '774.7 KB', '{"male vocalist",electronic,"electronic dance music",breakbeat,house,"funky house",party,energetic,sampling,summer,uplifting,happy,soulful,instrumental}', false, true, NULL, 'library/originals/groove-on-the-beat-8d817c4914.mp3', 'library/previews/groove-on-the-beat-8d817c4914-preview.mp3', '8d817c4914', '8d817c491430e85d840e7083ab9f71a5adbde906c8361be3ee454dfbb5a53c75', 793296, 'audio/mpeg', '2025-08-31 03:00:20.393026+00', '2025-09-01 01:00:46.222363+00'),
	('b3896306-68b6-40d4-931f-d03b77cb5c86', 'summer-rain-serenade', 'Summer Rain Serenade', 'Generated by Audafact', '{jazz}', NULL, NULL, NULL, 'mp3', '774.71 KB', '{soulful,warm,jazz,"jazz fusion","smooth jazz",jazz-rock,happy,uplifting,energetic,melodic,instrumental}', false, true, NULL, 'library/originals/summer-rain-serenade-cfbfc719d0.mp3', 'library/previews/summer-rain-serenade-cfbfc719d0-preview.mp3', 'cfbfc719d0', 'cfbfc719d0778b35817856eeeb7d8f09ecdfd480c53ba5f96cccd25c186a4807', 793300, 'audio/mpeg', '2025-08-31 03:00:20.926284+00', '2025-09-01 01:00:46.222363+00'),
	('18b16f1c-0c4d-4aad-aee8-8e16225c3ce2', 'summer-showers', 'Summer Showers', 'Generated by Audafact', '{unknown}', NULL, NULL, NULL, 'mp3', '774.71 KB', '{""}', false, true, NULL, 'library/originals/summer-showers-3d07cd3dde.mp3', 'library/previews/summer-showers-3d07cd3dde-preview.mp3', '3d07cd3dde', '3d07cd3dde2ebc537062735b3c7338c3a86c8f995adb28972b3ec327478a188d', 793300, 'audio/mpeg', '2025-08-31 03:00:21.120961+00', '2025-09-01 01:00:46.222363+00'),
	('b754763f-25fe-4809-8ee3-527bd1be2d99', 'technicolor-chase-version-2', 'Technicolor Chase - Version  2', 'Generated by Audafact', '{funk,edm}', NULL, NULL, NULL, 'mp3', '3.73 MB', '{electronic,neo-psychedelia,psychedelic,uplifting,eclectic,energetic,hypnotic,funk,"electronic dance music",party,warm,hedonistic}', false, true, NULL, 'library/originals/technicolor-chase-version-2-0e921d0b6c.mp3', 'library/previews/technicolor-chase-version-2-0e921d0b6c-preview.mp3', '0e921d0b6c', '0e921d0b6c3a3c1f4c80fe3db976e0160c69c59be31fcd53f720b81ec424be49', 3914088, 'audio/mpeg', '2025-08-31 03:00:21.120961+00', '2025-09-01 01:00:46.222363+00'),
	('67ea3cb9-a817-4518-b504-af2e7a2ae84d', 'this-loves-a-serenade-version-1', 'This Loves A Serenade - Version  1', 'Generated by Audafact', '{jazz,soul}', NULL, NULL, NULL, 'mp3', '1.5 MB', '{"female vocalist",jazz,"soul jazz",lush,passionate,melodic,soulful}', false, true, NULL, 'library/originals/this-loves-a-serenade-version-1-446d23132a.mp3', 'library/previews/this-loves-a-serenade-version-1-446d23132a-preview.mp3', '446d23132a', '446d23132afd4d2a4e5d6ae9e58031f7c1daea13c7b308f41bb6f00b7326e9c4', 1576678, 'audio/mpeg', '2025-08-31 03:00:21.120961+00', '2025-09-01 01:00:46.222363+00'),
	('31fd262b-f62d-4962-8664-50bef775cfde', 'this-loves-a-serenade-version-2', 'This Loves A Serenade - Version  2', 'Generated by Audafact', '{jazz,soul}', NULL, NULL, NULL, 'mp3', '1.5 MB', '{"female vocalist",jazz,"soul jazz",lush,passionate,melodic,soulful}', false, true, NULL, 'library/originals/this-loves-a-serenade-version-2-75c8158f43.mp3', 'library/previews/this-loves-a-serenade-version-2-75c8158f43-preview.mp3', '75c8158f43', '75c8158f4375bcbd5af0ba5f46c412e61aa5aadc0067a2f1b89a9f09b38e21bf', 1576678, 'audio/mpeg', '2025-08-31 03:00:21.120961+00', '2025-09-01 01:00:46.222363+00'),
	('e98a6cee-2e79-4bb8-84b4-09809ce32035', 'this-loves-a-serenade-version-4', 'This Loves A Serenade - Version  4', 'Generated by Audafact', '{jazz,soul}', NULL, NULL, NULL, 'mp3', '1.5 MB', '{"female vocalist",jazz,"soul jazz",lush,passionate,melodic,soulful}', false, true, NULL, 'library/originals/this-loves-a-serenade-version-4-991bb3649f.mp3', 'library/previews/this-loves-a-serenade-version-4-991bb3649f-preview.mp3', '991bb3649f', '991bb3649f7032431121b80937c4a8b44aaca6be959d0555db61a90b86a9799e', 1576678, 'audio/mpeg', '2025-08-31 03:00:21.120961+00', '2025-09-01 01:00:46.222363+00'),
	('fea4e7e2-ad77-43f6-8e8e-77808a5a3f5a', 'this-loves-a-serenade-version-5', 'This Loves A Serenade - Version  5', 'Generated by Audafact', '{jazz,soul}', NULL, NULL, NULL, 'mp3', '774.71 KB', '{"female vocalist",jazz,"soul jazz",lush,passionate,melodic,soulful}', false, true, NULL, 'library/originals/this-loves-a-serenade-version-5-ebf78e7c9d.mp3', 'library/previews/this-loves-a-serenade-version-5-ebf78e7c9d-preview.mp3', 'ebf78e7c9d', 'ebf78e7c9d693e43f5d099600e154694467288214f851e3a838be7a66076ed62', 793304, 'audio/mpeg', '2025-08-31 03:00:21.120961+00', '2025-09-01 01:00:46.222363+00'),
	('be0a5599-a3be-42ba-8c75-4da4d309d468', 'underneath-the-moonlight-version-1', 'Underneath The Moonlight - Version  1', 'Generated by Audafact', '{r&b,"rock & roll","rhythm & blues",funk}', NULL, NULL, NULL, 'mp3', '2.99 MB', '{"male vocalist",r&b,"rock & roll","rhythm & blues",soul,passionate,funk,melodic,rhythmic,atmospheric,soulful,70s,funky}', false, true, NULL, 'library/originals/underneath-the-moonlight-version-1-3758775de2.mp3', 'library/previews/underneath-the-moonlight-version-1-3758775de2-preview.mp3', '3758775de2', '3758775de2f85288cb7cf823db4f5a23d0ed8e0a79b626f34b4c4c51ce5343b8', 3139954, 'audio/mpeg', '2025-08-31 03:00:21.120961+00', '2025-09-01 01:00:46.222363+00'),
	('1c34beaa-84ff-46b1-8aca-d871e3fa7739', 'underneath-the-moonlight-version-2', 'Underneath The Moonlight - Version  2', 'Generated by Audafact', '{r&b,"rock & roll","rhythm & blues",funk}', NULL, NULL, NULL, 'mp3', '2.99 MB', '{"male vocalist",r&b,"rock & roll","rhythm & blues",soul,passionate,funk,melodic,rhythmic,atmospheric,soulful,70s,funky}', false, true, NULL, 'library/originals/underneath-the-moonlight-version-2-b3ca0ad613.mp3', 'library/previews/underneath-the-moonlight-version-2-b3ca0ad613-preview.mp3', 'b3ca0ad613', 'b3ca0ad6132ca7a701df67c0556e85736578f94821589e75e1e3d6c0c6022052', 3139954, 'audio/mpeg', '2025-08-31 03:00:21.120961+00', '2025-09-01 01:00:46.222363+00'),
	('5b9cb565-1076-4ed2-af85-4bdc1fc5e0c0', 'groove-vibes-version-1', 'Groove Vibes - Version  1', 'Generated by Audafact', '{edm,house}', NULL, NULL, NULL, 'mp3', '1.5 MB', '{"male vocalist",electronic,"electronic dance music",breakbeat,house,"funky house",party,energetic,sampling,summer,uplifting,happy,soulful,instrumental}', false, true, NULL, 'library/originals/groove-vibes-version-1-37d23d76cb.mp3', 'library/previews/groove-vibes-version-1-37d23d76cb-preview.mp3', '37d23d76cb', '37d23d76cbd8b116dd439f0536d47e9f9b90f5057340d627530bad99a0c1a0cc', 1576658, 'audio/mpeg', '2025-08-31 03:00:20.393026+00', '2025-09-01 01:00:46.222363+00'),
	('eba2517a-c635-4bc5-b234-487a2656c3a5', 'keep-me-in-your-heart-version-2', 'Keep Me In Your Heart - Version  2', 'Generated by Audafact', '{r&b,"smooth soul",soul,"adult contemporary"}', NULL, NULL, NULL, 'mp3', '3.73 MB', '{"female vocalist",r&b,"smooth soul",soul,ballad,introspective,melodic,"adult contemporary",sentimental}', false, true, NULL, 'library/originals/keep-me-in-your-heart-version-2-6b9cc34628.mp3', 'library/previews/keep-me-in-your-heart-version-2-6b9cc34628-preview.mp3', '6b9cc34628', '6b9cc34628b5c54f2583345c39871cffda1b12795988a401ea09ce9476834cac', 3915248, 'audio/mpeg', '2025-08-31 03:00:20.526391+00', '2025-09-01 01:00:46.222363+00'),
	('eea07a79-3e99-47f7-ad7b-7ccffbc1a0d2', 'loves-a-bloom-version-10', 'Loves A Bloom - Version  10', 'Generated by Audafact', '{swing,"big band",jazz,""}', NULL, NULL, NULL, 'mp3', '1.5 MB', '{swing,"big band",jazz,energetic,"female vocalist",lush,passionate,melodic,soulful}', false, true, NULL, 'library/originals/loves-a-bloom-version-10-754d2542c5.mp3', 'library/previews/loves-a-bloom-version-10-754d2542c5-preview.mp3', '754d2542c5', '754d2542c5d9c4dc48359923a51fe056639d49e64223586d1e486869937b7c39', 1576662, 'audio/mpeg', '2025-08-31 03:00:20.715645+00', '2025-09-01 01:00:46.222363+00'),
	('0a709f7c-3508-4919-83b8-eefa4bb34b01', 'loves-a-bloom-version-6', 'Loves A Bloom - Version  6', 'Generated by Audafact', '{swing,"big band",jazz,""}', NULL, NULL, NULL, 'mp3', '2.25 MB', '{swing,"big band",jazz,energetic,"female vocalist",lush,passionate,melodic,soulful}', false, true, NULL, 'library/originals/loves-a-bloom-version-6-8d093c995c.mp3', 'library/previews/loves-a-bloom-version-6-8d093c995c-preview.mp3', '8d093c995c', '8d093c995cee9013c3c8f7ff40040b557e927a34a40d17f355ae531055cc64fd', 2355418, 'audio/mpeg', '2025-08-31 03:00:20.715645+00', '2025-09-01 01:00:46.222363+00'),
	('836fa1d7-5a9a-4de5-b2c3-e46abcc0f856', 'raise-your-glass-version-4', 'Raise Your Glass - Version  4', 'Generated by Audafact', '{disco,funk}', NULL, NULL, NULL, 'mp3', '3.74 MB', '{"male vocalist",disco,dance,rhythmic,dance-pop,energetic,nu-disco,melodic,party,uplifting,"synth funk",happy}', false, true, NULL, 'library/originals/raise-your-glass-version-4-0842c4b72a.mp3', 'library/previews/raise-your-glass-version-4-0842c4b72a-preview.mp3', '0842c4b72a', '0842c4b72a4a9fe3bcb87877be21d1aead35bb0c818ab926267caebc67097235', 3917542, 'audio/mpeg', '2025-08-31 03:00:20.926284+00', '2025-09-01 01:00:46.222363+00'),
	('6e34744f-794d-48fc-a546-2e583f0219b2', 'secrets-of-the-sea', 'Secrets Of The Sea', 'Generated by Audafact', '{"classical music"}', NULL, NULL, NULL, 'mp3', '774.7 KB', '{"film score","western classical music","classical music","cinematic classical",orchestral,epic,suspenseful,triumphant,romanticism,cinematic}', false, true, NULL, 'library/originals/secrets-of-the-sea-f21bbd1cf4.mp3', 'library/previews/secrets-of-the-sea-f21bbd1cf4-preview.mp3', 'f21bbd1cf4', 'f21bbd1cf40c78e15c70a6280b12d2bb6636fb2ca62e1db07248847c82453f35', 793296, 'audio/mpeg', '2025-08-31 03:00:20.926284+00', '2025-09-01 01:00:46.222363+00'),
	('95f6cd3b-d70b-41a7-b277-de4bce37227d', 'this-loves-a-serenade-version-3', 'This Loves A Serenade - Version  3', 'Generated by Audafact', '{jazz,soul}', NULL, NULL, NULL, 'mp3', '1.5 MB', '{"female vocalist",jazz,"soul jazz",lush,passionate,melodic,soulful}', false, true, NULL, 'library/originals/this-loves-a-serenade-version-3-dad7a375f7.mp3', 'library/previews/this-loves-a-serenade-version-3-dad7a375f7-preview.mp3', 'dad7a375f7', 'dad7a375f7c2ea8c8132639676b9ff9ba94c8b7911d7634f493ae9ab533a90f2', 1576678, 'audio/mpeg', '2025-08-31 03:00:21.120961+00', '2025-09-01 01:00:46.222363+00');


--
-- Data for Name: users; Type: TABLE DATA; Schema: public; Owner: postgres
--



--
-- Data for Name: library_usage; Type: TABLE DATA; Schema: public; Owner: postgres
--



--
-- Data for Name: sessions; Type: TABLE DATA; Schema: public; Owner: postgres
--



--
-- Data for Name: recordings; Type: TABLE DATA; Schema: public; Owner: postgres
--



--
-- Data for Name: track_rotations; Type: TABLE DATA; Schema: public; Owner: postgres
--



--
-- Data for Name: uploads; Type: TABLE DATA; Schema: public; Owner: postgres
--



--
-- Data for Name: buckets; Type: TABLE DATA; Schema: storage; Owner: supabase_storage_admin
--

INSERT INTO "storage"."buckets" ("id", "name", "owner", "created_at", "updated_at", "public", "avif_autodetection", "file_size_limit", "allowed_mime_types", "owner_id", "type") VALUES
	('user-uploads', 'user-uploads', NULL, '2025-07-29 01:31:42.299472+00', '2025-07-29 01:31:42.299472+00', false, false, NULL, NULL, NULL, 'STANDARD'),
	('session-recordings', 'session-recordings', NULL, '2025-07-29 01:31:49.051227+00', '2025-07-29 01:31:49.051227+00', false, false, NULL, NULL, NULL, 'STANDARD'),
	('library-tracks', 'library-tracks', NULL, '2025-08-07 01:13:48.231448+00', '2025-08-07 01:13:48.231448+00', true, false, 52428800, '{audio/*}', NULL, 'STANDARD');


--
-- Data for Name: buckets_analytics; Type: TABLE DATA; Schema: storage; Owner: supabase_storage_admin
--



--
-- Data for Name: objects; Type: TABLE DATA; Schema: storage; Owner: supabase_storage_admin
--

INSERT INTO "storage"."objects" ("id", "bucket_id", "name", "owner", "created_at", "updated_at", "last_accessed_at", "metadata", "version", "owner_id", "user_metadata", "level") VALUES
	('45715e6b-d272-4230-a981-461eb0001a8a', 'user-uploads', '0798e023-98e8-4282-932b-e137df54125c/.emptyFolderPlaceholder', NULL, '2025-07-30 16:04:46.86955+00', '2025-08-30 13:11:56.713954+00', '2025-07-30 16:04:46.86955+00', '{"eTag": "\"d41d8cd98f00b204e9800998ecf8427e\"", "size": 0, "mimetype": "application/octet-stream", "cacheControl": "max-age=3600", "lastModified": "2025-07-30T16:04:47.000Z", "contentLength": 0, "httpStatusCode": 200}', '5c6babae-0620-4c64-bd22-5d5b7b8ef9cd', NULL, '{}', 2),
	('a2eb61fb-dd47-424b-bf71-e6d01970a66a', 'library-tracks', 'dancing-thrilling.mp3', NULL, '2025-08-07 18:49:17.976301+00', '2025-08-30 13:11:56.713954+00', '2025-08-07 18:49:17.976301+00', '{"eTag": "\"ff37e85fb9863b2dee272b12e8ba4b3d\"", "size": 793294, "mimetype": "audio/mpeg", "cacheControl": "max-age=3600", "lastModified": "2025-08-07T19:20:58.000Z", "contentLength": 793294, "httpStatusCode": 200}', '4cd3b009-2237-49d6-a251-d631d5530a86', NULL, NULL, 1),
	('3b5c6677-de49-473e-a3e8-94975766ec35', 'library-tracks', 'depths-of-discovery.mp3', NULL, '2025-08-07 18:49:18.335345+00', '2025-08-30 13:11:56.713954+00', '2025-08-07 18:49:18.335345+00', '{"eTag": "\"909176e2b756b49fead04be9ddde16e4\"", "size": 793298, "mimetype": "audio/mpeg", "cacheControl": "max-age=3600", "lastModified": "2025-08-07T19:21:09.000Z", "contentLength": 793298, "httpStatusCode": 200}', '47f1f57e-86bc-41a8-8377-492e74386950', NULL, NULL, 1),
	('a12eca2e-c6fb-493e-b3e5-1e2c612f94ca', 'library-tracks', 'rhythm-revealed.wav', NULL, '2025-08-07 01:13:58.758866+00', '2025-08-30 13:11:56.713954+00', '2025-08-07 01:13:58.758866+00', '{"eTag": "\"a33e72fc0d8ba88bb5e2e5b020055b38-2\"", "size": 5787882, "mimetype": "audio/wav", "cacheControl": "max-age=3600", "lastModified": "2025-08-07T01:13:59.000Z", "contentLength": 5787882, "httpStatusCode": 200}', '5c227130-474f-4965-8b63-06621691078d', NULL, '{"bpm": 128, "key": "Fm", "name": "The Rhythm Revealed (Drums)", "size": 5787882, "tags": ["house", "drums", "groove"], "type": "audio/wav", "genre": "house", "artist": "House Masters", "trackId": "rhythm-revealed", "duration": 200, "originalName": "The Rhythm Revealed(Drums).wav"}', 1),
	('aaf05bf8-46db-41f4-b3d5-306767428686', 'library-tracks', 'break-the-chains-version-1.mp3', NULL, '2025-08-07 18:49:30.336208+00', '2025-08-30 13:11:56.713954+00', '2025-08-07 18:49:30.336208+00', '{"eTag": "\"23506830fdfff1f07f0630b706b41dd8\"", "size": 3922726, "mimetype": "audio/mpeg", "cacheControl": "max-age=3600", "lastModified": "2025-08-07T18:52:09.000Z", "contentLength": 3922726, "httpStatusCode": 200}', '1a35109c-68fe-49c0-8850-90c4c609ce3f', NULL, NULL, 1),
	('450bedf9-90b6-42f7-bf07-f8ccf030fa0d', 'library-tracks', 'break-the-chains-version-4.mp3', NULL, '2025-08-07 18:49:30.380229+00', '2025-08-30 13:11:56.713954+00', '2025-08-07 18:49:30.380229+00', '{"eTag": "\"6d554f55b04b80cdb95cd576973879a7\"", "size": 3922726, "mimetype": "audio/mpeg", "cacheControl": "max-age=3600", "lastModified": "2025-08-07T18:52:39.000Z", "contentLength": 3922726, "httpStatusCode": 200}', 'd7778973-29dd-4481-9e98-4218e86847d4', NULL, NULL, 1),
	('202a7c0a-a5e6-4921-a529-12020da2b3bb', 'library-tracks', 'echoes-of-grandeur-alt-1.mp3', NULL, '2025-08-08 21:56:45.495023+00', '2025-08-30 13:11:56.713954+00', '2025-08-08 21:56:45.495023+00', '{"eTag": "\"0c3c5bfd210ad0e1e9398562cfcc6bd3\"", "size": 1576670, "mimetype": "audio/mpeg", "cacheControl": "max-age=3600", "lastModified": "2025-08-08T21:57:44.000Z", "contentLength": 1576670, "httpStatusCode": 200}', 'e7487ce4-4ead-45cc-b712-f5079ab5a0a8', NULL, NULL, 1),
	('e320d6ea-7b30-471e-94da-ffeedc371d28', 'library-tracks', 'echoes-of-grandeur-alt-2.mp3', NULL, '2025-08-08 21:56:45.782677+00', '2025-08-30 13:11:56.713954+00', '2025-08-08 21:56:45.782677+00', '{"eTag": "\"1a6d3d0a459e21e8be68324ba71bed57\"", "size": 2360610, "mimetype": "audio/mpeg", "cacheControl": "max-age=3600", "lastModified": "2025-08-08T21:58:12.000Z", "contentLength": 2360610, "httpStatusCode": 200}', 'dac40aa0-5aea-4a6e-9e44-8467fd444972', NULL, NULL, 1),
	('d3e96c7d-6047-45df-8526-f0e5327d4081', 'library-tracks', 'feel-the-magic-rising-up-version-4.mp3', NULL, '2025-08-07 18:49:50.287272+00', '2025-08-30 13:11:56.713954+00', '2025-08-07 18:49:50.287272+00', '{"eTag": "\"e2a7dd6a11264e85440a81058ba28d4c\"", "size": 3926774, "mimetype": "audio/mpeg", "cacheControl": "max-age=3600", "lastModified": "2025-08-07T19:28:07.000Z", "contentLength": 3926774, "httpStatusCode": 200}', '4afa9d8c-e440-4a5d-a998-25a3f96bb20e', NULL, NULL, 1),
	('a3009079-2d39-4416-a24d-0944e46b7fa2', 'library-tracks', 'break-the-chains-version-2.mp3', NULL, '2025-08-07 18:49:30.249671+00', '2025-08-30 13:11:56.713954+00', '2025-08-07 18:49:30.249671+00', '{"eTag": "\"9c1c8a4a5e982ff07a123501626bf249\"", "size": 3922726, "mimetype": "audio/mpeg", "cacheControl": "max-age=3600", "lastModified": "2025-08-07T18:52:19.000Z", "contentLength": 3922726, "httpStatusCode": 200}', '815ff7e1-b7a4-4134-b217-e0dd18cd552e', NULL, NULL, 1),
	('75d219b7-3925-484e-9c89-be911cd04b25', 'library-tracks', 'echoes-of-grandeur-version-1.mp3', NULL, '2025-08-08 21:56:46.113151+00', '2025-08-30 13:11:56.713954+00', '2025-08-08 21:56:46.113151+00', '{"eTag": "\"1daabd1a46d709088a83ac14b9c73b19\"", "size": 3139942, "mimetype": "audio/mpeg", "cacheControl": "max-age=3600", "lastModified": "2025-08-08T21:58:45.000Z", "contentLength": 3139942, "httpStatusCode": 200}', 'd88135d6-af7e-4abb-8a86-28fda7ebaf3a', NULL, NULL, 1),
	('97f50fc3-05d3-41b4-b875-751bfdbbb3da', 'library-tracks', 'feel-the-magic-rising-up-version-3.mp3', NULL, '2025-08-07 18:49:50.911996+00', '2025-08-30 13:11:56.713954+00', '2025-08-07 18:49:50.911996+00', '{"eTag": "\"0238e486fa22c742d4810f42d58a4774\"", "size": 3926774, "mimetype": "audio/mpeg", "cacheControl": "max-age=3600", "lastModified": "2025-08-07T19:27:57.000Z", "contentLength": 3926774, "httpStatusCode": 200}', 'c31f06bd-c17a-4ce3-9635-158be66ee5e9', NULL, NULL, 1),
	('7c4b09f4-21d5-4261-aefa-26d8c5aaafeb', 'library-tracks', 'feel-the-rhythm-now-version-1.mp3', NULL, '2025-08-07 18:50:24.850376+00', '2025-08-30 13:11:56.713954+00', '2025-08-07 18:50:24.850376+00', '{"eTag": "\"54e8eba0bf41696c5f1bb051d910b347\"", "size": 3921004, "mimetype": "audio/mpeg", "cacheControl": "max-age=3600", "lastModified": "2025-08-07T19:28:21.000Z", "contentLength": 3921004, "httpStatusCode": 200}', 'a63c5f5a-608e-44d4-8b4d-20c3f3d40787', NULL, NULL, 1),
	('69a8ceb9-13ec-413d-bffb-8dc2d157f179', 'library-tracks', 'groove-vibes-alt-1.mp3', NULL, '2025-08-07 18:50:19.201611+00', '2025-08-30 13:11:56.713954+00', '2025-08-07 18:50:19.201611+00', '{"eTag": "\"f43d6e59bbf88c50ad170a4fa8fb5956\"", "size": 1576658, "mimetype": "audio/mpeg", "cacheControl": "max-age=3600", "lastModified": "2025-08-08T23:12:02.000Z", "contentLength": 1576658, "httpStatusCode": 200}', '1c790614-0ae4-47e9-b920-40b8beb9c46e', NULL, NULL, 1),
	('cc54e6d5-ffeb-4574-bf86-d2c4caa96ee2', 'library-tracks', 'groove-vibes-version-4.mp3', NULL, '2025-08-07 18:50:22.649712+00', '2025-08-30 13:11:56.713954+00', '2025-08-07 18:50:22.649712+00', '{"eTag": "\"097d0b5913892cf54b03959b017aab8c\"", "size": 2468890, "mimetype": "audio/mpeg", "cacheControl": "max-age=3600", "lastModified": "2025-08-07T19:32:30.000Z", "contentLength": 2468890, "httpStatusCode": 200}', '05491373-1e81-4e94-b90a-4adb8707829b', NULL, NULL, 1),
	('b2003a47-4626-4ac8-8397-fa97f27e206d', 'library-tracks', 'break-the-chains-version-3.mp3', NULL, '2025-08-07 18:49:30.51821+00', '2025-08-30 13:11:56.713954+00', '2025-08-07 18:49:30.51821+00', '{"eTag": "\"75787cb1ce6c71ee236eda4ebc12b962\"", "size": 3922726, "mimetype": "audio/mpeg", "cacheControl": "max-age=3600", "lastModified": "2025-08-07T18:52:29.000Z", "contentLength": 3922726, "httpStatusCode": 200}', '5e09911e-778d-4f68-931b-b2e45362c0b8', NULL, NULL, 1),
	('c64a149e-2a19-4c6d-bc9f-64d1dd963a98', 'library-tracks', 'echoes-of-grandeur-version-2.mp3', NULL, '2025-08-08 21:56:45.959011+00', '2025-08-30 13:11:56.713954+00', '2025-08-08 21:56:45.959011+00', '{"eTag": "\"60dd3f893de3a9312dcfc0345d7178e3\"", "size": 3139942, "mimetype": "audio/mpeg", "cacheControl": "max-age=3600", "lastModified": "2025-08-08T21:58:51.000Z", "contentLength": 3139942, "httpStatusCode": 200}', '7891e2f8-e296-46af-95b3-77fee4ebedbc', NULL, NULL, 1),
	('0d48d6c3-59e1-42a0-9bc4-8aee1b039c76', 'library-tracks', 'feel-the-magic-rising-up-version-2.mp3', NULL, '2025-08-07 18:49:50.346518+00', '2025-08-30 13:11:56.713954+00', '2025-08-07 18:49:50.346518+00', '{"eTag": "\"366eac376be475553ff154fad7640d34\"", "size": 3926774, "mimetype": "audio/mpeg", "cacheControl": "max-age=3600", "lastModified": "2025-08-07T19:27:50.000Z", "contentLength": 3926774, "httpStatusCode": 200}', '5262e2e2-c10e-4160-9ddb-0f3b2b556d3e', NULL, NULL, 1),
	('9acc140f-9c01-43d2-b1cc-1e4a5f440ad2', 'library-tracks', 'feel-the-magic-rising-up-version-1.mp3', NULL, '2025-08-07 18:49:50.452029+00', '2025-08-30 13:11:56.713954+00', '2025-08-07 18:49:50.452029+00', '{"eTag": "\"6f31d5e7daffe62741fa0099b663f0e4\"", "size": 3926774, "mimetype": "audio/mpeg", "cacheControl": "max-age=3600", "lastModified": "2025-08-07T19:27:44.000Z", "contentLength": 3926774, "httpStatusCode": 200}', '1f55e545-dbfa-4dc1-ac13-f0bd21b17f83', NULL, NULL, 1),
	('14c3a0be-adfe-40bc-88f5-709ed0f0da2f', 'library-tracks', 'feel-the-rhythm-now-version-2.mp3', NULL, '2025-08-07 18:50:24.724535+00', '2025-08-30 13:11:56.713954+00', '2025-08-07 18:50:24.724535+00', '{"eTag": "\"116533d1b2843bf9f3562536c7783e73\"", "size": 3921004, "mimetype": "audio/mpeg", "cacheControl": "max-age=3600", "lastModified": "2025-08-07T19:30:27.000Z", "contentLength": 3921004, "httpStatusCode": 200}', '4b23fd34-218f-4408-a642-aa44c7f6bba0', NULL, NULL, 1),
	('de4c47f4-b7d0-45dd-bcf2-2a11f5425d2c', 'library-tracks', 'groove-on-the-beat.mp3', NULL, '2025-08-07 18:50:14.071161+00', '2025-08-30 13:11:56.713954+00', '2025-08-07 18:50:14.071161+00', '{"eTag": "\"6009884191f33fcd9e4dcc69442e813b\"", "size": 793296, "mimetype": "audio/mpeg", "cacheControl": "max-age=3600", "lastModified": "2025-08-07T19:31:00.000Z", "contentLength": 793296, "httpStatusCode": 200}', '079f48df-d538-4f55-b167-696b0c26a5b2', NULL, NULL, 1),
	('88fc4cad-c0da-4fba-b88e-f5a07bb53515', 'library-tracks', 'groove-vibes-version-1.mp3', NULL, '2025-08-07 18:50:19.521518+00', '2025-08-30 13:11:56.713954+00', '2025-08-07 18:50:19.521518+00', '{"eTag": "\"e7b5806753745ed7869f30e780b48b9e\"", "size": 1576658, "mimetype": "audio/mpeg", "cacheControl": "max-age=3600", "lastModified": "2025-08-08T23:12:20.000Z", "contentLength": 1576658, "httpStatusCode": 200}', '00e12e3c-2954-41e9-b7a6-dbe879e67597', NULL, NULL, 1),
	('88f62746-508d-4b7a-86eb-24c95b715bbd', 'library-tracks', 'groove-vibes-version-2.mp3', NULL, '2025-08-07 18:50:22.530549+00', '2025-08-30 13:11:56.713954+00', '2025-08-07 18:50:22.530549+00', '{"eTag": "\"45bdb0aa07e7f7dbf795e91bdc537a7a\"", "size": 2468890, "mimetype": "audio/mpeg", "cacheControl": "max-age=3600", "lastModified": "2025-08-07T19:32:07.000Z", "contentLength": 2468890, "httpStatusCode": 200}', '61b0fe99-e5ab-44b1-9cd5-59e63fe5bfce', NULL, NULL, 1),
	('a95adbce-2464-4613-ae7f-23b9c991b508', 'library-tracks', 'groove-vibes-version-3.mp3', NULL, '2025-08-07 18:50:22.567043+00', '2025-08-30 13:11:56.713954+00', '2025-08-07 18:50:22.567043+00', '{"eTag": "\"cd2310dcf22ea5ad06c299cf27acf2b8\"", "size": 2468890, "mimetype": "audio/mpeg", "cacheControl": "max-age=3600", "lastModified": "2025-08-07T19:32:15.000Z", "contentLength": 2468890, "httpStatusCode": 200}', 'f8e98344-6216-4c6d-807e-08e3a2d2e64a', NULL, NULL, 1),
	('08e3b8cf-b02b-48e7-9ca1-60c8eb9867db', 'library-tracks', 'hearts-are-golden.mp3', NULL, '2025-08-07 18:50:14.244357+00', '2025-08-30 13:11:56.713954+00', '2025-08-07 18:50:14.244357+00', '{"eTag": "\"c59990bf9f6d81d85b9512e9e893f5de\"", "size": 793294, "mimetype": "audio/mpeg", "cacheControl": "max-age=3600", "lastModified": "2025-08-07T19:32:53.000Z", "contentLength": 793294, "httpStatusCode": 200}', 'c789faf4-d01d-4f3c-a735-3b53e0d77474', NULL, NULL, 1),
	('3534ba64-b60f-4d15-9ae1-e7225d1c163c', 'library-tracks', 'hit-the-jackpot.mp3', NULL, '2025-08-07 18:50:14.034157+00', '2025-08-30 13:11:56.713954+00', '2025-08-07 18:50:14.034157+00', '{"eTag": "\"9d28d2e430aa3580fb18a391ba5a3b20\"", "size": 793290, "mimetype": "audio/mpeg", "cacheControl": "max-age=3600", "lastModified": "2025-08-07T19:33:32.000Z", "contentLength": 793290, "httpStatusCode": 200}', '82dd2ab6-17a4-4706-86cc-3d81f0b9567f', NULL, NULL, 1),
	('efeb8c87-0305-4eb9-a5b5-c4bcd3bde771', 'library-tracks', 'hot-honey-dripping.mp3', NULL, '2025-08-07 18:50:33.831175+00', '2025-08-30 13:11:56.713954+00', '2025-08-07 18:50:33.831175+00', '{"eTag": "\"bf1a693d12f98a2d69ca59a7965c2769\"", "size": 1576670, "mimetype": "audio/mpeg", "cacheControl": "max-age=3600", "lastModified": "2025-08-07T19:34:05.000Z", "contentLength": 1576670, "httpStatusCode": 200}', '05d11e57-0376-4ab1-bc1f-69925afe4fe0', NULL, NULL, 1),
	('bc4e4981-6fb3-4422-8a11-36daf34db41b', 'library-tracks', 'in-the-darkness.mp3', NULL, '2025-08-07 18:50:31.014312+00', '2025-08-30 13:11:56.713954+00', '2025-08-07 18:50:31.014312+00', '{"eTag": "\"372f5dbb83904573a88d604c32cbd637\"", "size": 793290, "mimetype": "audio/mpeg", "cacheControl": "max-age=3600", "lastModified": "2025-08-07T19:34:14.000Z", "contentLength": 793290, "httpStatusCode": 200}', '3c3711d3-e95f-4bb3-afb7-c7f3cacc9218', NULL, NULL, 1),
	('15567af3-a816-4c52-b29f-03756b092288', 'library-tracks', 'keep-me-in-your-heart-version-1.mp3', NULL, '2025-08-07 18:50:38.252319+00', '2025-08-30 13:11:56.713954+00', '2025-08-07 18:50:38.252319+00', '{"eTag": "\"a8f2e50870fe48b2f4ffcf3f862dff5f\"", "size": 3915248, "mimetype": "audio/mpeg", "cacheControl": "max-age=3600", "lastModified": "2025-08-07T19:34:45.000Z", "contentLength": 3915248, "httpStatusCode": 200}', '3595ef68-c6b1-4b9c-baff-2f8c0006966e', NULL, NULL, 1),
	('d8cbac43-8c9f-4656-9d41-e94deca77fcb', 'library-tracks', 'keep-me-in-your-heart-version-2.mp3', NULL, '2025-08-07 18:50:37.668492+00', '2025-08-30 13:11:56.713954+00', '2025-08-07 18:50:37.668492+00', '{"eTag": "\"51ea2af2d385c5bd103c94703b58ff96\"", "size": 3915248, "mimetype": "audio/mpeg", "cacheControl": "max-age=3600", "lastModified": "2025-08-07T19:35:02.000Z", "contentLength": 3915248, "httpStatusCode": 200}', '606f7a79-243f-4333-87db-e1649c8c3d4f', NULL, NULL, 1),
	('66a56871-71ba-454e-8841-613884fa2ea3', 'library-tracks', 'let-love-sing-loud.mp3', NULL, '2025-08-07 18:50:31.18432+00', '2025-08-30 13:11:56.713954+00', '2025-08-07 18:50:31.18432+00', '{"eTag": "\"ce5c89e1b4a029af115449ccb79f80d3\"", "size": 793296, "mimetype": "audio/mpeg", "cacheControl": "max-age=3600", "lastModified": "2025-08-07T19:36:48.000Z", "contentLength": 793296, "httpStatusCode": 200}', '9cfdebd8-8627-4c66-8b50-1570434720e2', NULL, NULL, 1),
	('d63ff67c-ab6b-4c76-a7e5-85dd4cfd0eb2', 'library-tracks', 'lets-sway.mp3', NULL, '2025-08-07 18:50:31.138015+00', '2025-08-30 13:11:56.713954+00', '2025-08-07 18:50:31.138015+00', '{"eTag": "\"812608f8520e087a0745f0631c62de90\"", "size": 793280, "mimetype": "audio/mpeg", "cacheControl": "max-age=3600", "lastModified": "2025-08-07T19:37:08.000Z", "contentLength": 793280, "httpStatusCode": 200}', 'd8fa32b5-5c8e-4e71-8cfd-ea33be9086c7', NULL, NULL, 1),
	('255130cd-6721-42e5-aab5-2017820ccfa5', 'library-tracks', 'living-for-the-thrill.mp3', NULL, '2025-08-07 18:50:31.320487+00', '2025-08-30 13:11:56.713954+00', '2025-08-07 18:50:31.320487+00', '{"eTag": "\"fc4f855e7603b71486b724f45d2dde37\"", "size": 793302, "mimetype": "audio/mpeg", "cacheControl": "max-age=3600", "lastModified": "2025-08-07T19:37:23.000Z", "contentLength": 793302, "httpStatusCode": 200}', 'deb3bb39-04d7-4214-b24a-4ddf7531b359', NULL, NULL, 1),
	('46e39cc4-6f1a-4215-876f-eb4a630189dc', 'library-tracks', 'loves-a-bloom-version-1.mp3', NULL, '2025-08-07 18:50:35.994063+00', '2025-08-30 13:11:56.713954+00', '2025-08-07 18:50:35.994063+00', '{"eTag": "\"3b788994552c310d7f7b4de726725255\"", "size": 2355418, "mimetype": "audio/mpeg", "cacheControl": "max-age=3600", "lastModified": "2025-08-07T19:38:00.000Z", "contentLength": 2355418, "httpStatusCode": 200}', '4c402cfe-e3c8-4eec-aa4c-c1f28fb0d630', NULL, NULL, 1),
	('15e7e46b-aecc-4c99-91a1-6b4fcab89f43', 'library-tracks', 'loves-a-bloom-version-10.mp3', NULL, '2025-08-07 18:50:50.127631+00', '2025-08-30 13:11:56.713954+00', '2025-08-07 18:50:50.127631+00', '{"eTag": "\"72a9a9db271c8ff371007fa7273a1009\"", "size": 1576662, "mimetype": "audio/mpeg", "cacheControl": "max-age=3600", "lastModified": "2025-08-07T19:40:31.000Z", "contentLength": 1576662, "httpStatusCode": 200}', '016c6d7c-229b-4c47-85a0-22758576238a', NULL, NULL, 1),
	('3e4df686-4776-48ef-ace9-a19319ffd209', 'library-tracks', 'loves-a-bloom-version-2.mp3', NULL, '2025-08-07 18:50:36.028337+00', '2025-08-30 13:11:56.713954+00', '2025-08-07 18:50:36.028337+00', '{"eTag": "\"4f8507348434bee5e1c5ce684cd5dbdb\"", "size": 2355418, "mimetype": "audio/mpeg", "cacheControl": "max-age=3600", "lastModified": "2025-08-07T19:38:20.000Z", "contentLength": 2355418, "httpStatusCode": 200}', '9699d52d-d557-4da7-b65a-7192657f5852', NULL, NULL, 1),
	('00c102dd-c8f7-405b-a289-16f885631467', 'library-tracks', 'loves-a-bloom-version-5.mp3', NULL, '2025-08-07 18:50:56.659281+00', '2025-08-30 13:11:56.713954+00', '2025-08-07 18:50:56.659281+00', '{"eTag": "\"e235d8f05b540b88d70b47d956ee9ff4\"", "size": 3138782, "mimetype": "audio/mpeg", "cacheControl": "max-age=3600", "lastModified": "2025-08-07T19:38:49.000Z", "contentLength": 3138782, "httpStatusCode": 200}', '260d9486-2f07-425a-9a3d-4c6b01b60b8b', NULL, NULL, 1),
	('8a38183b-68bc-45fa-bc64-40ab8743268f', 'library-tracks', 'loves-a-bloom-version-3.mp3', NULL, '2025-08-07 18:50:36.001412+00', '2025-08-30 13:11:56.713954+00', '2025-08-07 18:50:36.001412+00', '{"eTag": "\"004f42637f2d9acd3d32e3dd9f1ab7e7\"", "size": 2355418, "mimetype": "audio/mpeg", "cacheControl": "max-age=3600", "lastModified": "2025-08-07T19:38:34.000Z", "contentLength": 2355418, "httpStatusCode": 200}', '73942ccd-b7c5-4c6e-8732-8def11d0131c', NULL, NULL, 1),
	('072732a1-3fe0-4d1a-8297-f65b4c594d07', 'library-tracks', 'loves-a-bloom-version-4.mp3', NULL, '2025-08-07 18:50:56.867081+00', '2025-08-30 13:11:56.713954+00', '2025-08-07 18:50:56.867081+00', '{"eTag": "\"9f43c888e228fadde3ef742dc2d07eec\"", "size": 3138782, "mimetype": "audio/mpeg", "cacheControl": "max-age=3600", "lastModified": "2025-08-07T19:38:40.000Z", "contentLength": 3138782, "httpStatusCode": 200}', 'afdf2635-4286-4b9e-b194-f42c07cf8cac', NULL, NULL, 1),
	('6d62110d-531c-4dda-b8b5-1d1b3fc9b92a', 'library-tracks', 'loves-a-bloom-version-6.mp3', NULL, '2025-08-07 18:50:54.435646+00', '2025-08-30 13:11:56.713954+00', '2025-08-07 18:50:54.435646+00', '{"eTag": "\"ac44b87b566c76fbc5adb814d61b994c\"", "size": 2355418, "mimetype": "audio/mpeg", "cacheControl": "max-age=3600", "lastModified": "2025-08-07T19:38:59.000Z", "contentLength": 2355418, "httpStatusCode": 200}', '1a3e5edb-5c04-4cb1-9e89-67534abd4719', NULL, NULL, 1),
	('205a8c7a-c113-4d5a-bf66-dcb1c1b4411f', 'library-tracks', 'loves-a-bloom-version-7.mp3', NULL, '2025-08-07 18:50:49.91836+00', '2025-08-30 13:11:56.713954+00', '2025-08-07 18:50:49.91836+00', '{"eTag": "\"8634b32b202c200eada354aabdbc9365\"", "size": 1576662, "mimetype": "audio/mpeg", "cacheControl": "max-age=3600", "lastModified": "2025-08-07T19:39:17.000Z", "contentLength": 1576662, "httpStatusCode": 200}', '06da2721-5d9b-4e92-9117-66261c6720cc', NULL, NULL, 1),
	('30384317-2c7c-49d9-983d-8e33d8c0c504', 'library-tracks', 'loves-a-bloom-version-8.mp3', NULL, '2025-08-07 18:50:54.386144+00', '2025-08-30 13:11:56.713954+00', '2025-08-07 18:50:54.386144+00', '{"eTag": "\"b208625e98b503e65671e13fc25d8508\"", "size": 2355418, "mimetype": "audio/mpeg", "cacheControl": "max-age=3600", "lastModified": "2025-08-07T19:39:30.000Z", "contentLength": 2355418, "httpStatusCode": 200}', '0d0b639c-7d45-437f-93dc-d70c2175feaa', NULL, NULL, 1),
	('1a1caf12-4c04-4250-bb65-d4cd17205309', 'library-tracks', 'loves-a-bloom-version-9.mp3', NULL, '2025-08-07 18:50:54.406123+00', '2025-08-30 13:11:56.713954+00', '2025-08-07 18:50:54.406123+00', '{"eTag": "\"c5477039370e6c960fc87be5447de715\"", "size": 2355418, "mimetype": "audio/mpeg", "cacheControl": "max-age=3600", "lastModified": "2025-08-07T19:40:25.000Z", "contentLength": 2355418, "httpStatusCode": 200}', 'd958c143-ab79-43db-a734-0f206775f351', NULL, NULL, 1),
	('f568f2b9-8bdd-411c-b131-76e77870f339', 'library-tracks', 'moonlight-swing.mp3', NULL, '2025-08-07 18:50:44.692+00', '2025-08-30 13:11:56.713954+00', '2025-08-07 18:50:44.692+00', '{"eTag": "\"a9cafaaf3228b685bc81e803a8a8c069\"", "size": 793290, "mimetype": "audio/mpeg", "cacheControl": "max-age=3600", "lastModified": "2025-08-07T19:40:43.000Z", "contentLength": 793290, "httpStatusCode": 200}', 'd563e2f9-b4d9-42a1-949b-ca2627e79be7', NULL, NULL, 1),
	('a4e01334-8765-49d0-87e1-d399f28c8b01', 'library-tracks', 'raise-your-glass-version-1.mp3', NULL, '2025-08-07 18:50:57.870402+00', '2025-08-30 13:11:56.713954+00', '2025-08-07 18:50:57.870402+00', '{"eTag": "\"c4f44605a47e52924cd125a2f3f096e7\"", "size": 3917542, "mimetype": "audio/mpeg", "cacheControl": "max-age=3600", "lastModified": "2025-08-07T19:41:12.000Z", "contentLength": 3917542, "httpStatusCode": 200}', '8e5fc54e-302e-4a6a-9f07-c0a04ca67d1a', NULL, NULL, 1),
	('ef9c29e2-d753-40c5-bb4c-d42ea0f07dc5', 'library-tracks', 'raise-your-glass-version-2.mp3', NULL, '2025-08-07 18:50:57.961793+00', '2025-08-30 13:11:56.713954+00', '2025-08-07 18:50:57.961793+00', '{"eTag": "\"f3e9d7262a72d987e2aae5e108fa1d27\"", "size": 3917542, "mimetype": "audio/mpeg", "cacheControl": "max-age=3600", "lastModified": "2025-08-07T19:41:18.000Z", "contentLength": 3917542, "httpStatusCode": 200}', 'a37e33a5-88ae-443b-b84c-6f5d502469bb', NULL, NULL, 1),
	('e902470e-c2d9-43d9-be7c-c991803b2e61', 'library-tracks', 'raise-your-glass-version-3.mp3', NULL, '2025-08-07 18:51:15.19355+00', '2025-08-30 13:11:56.713954+00', '2025-08-07 18:51:15.19355+00', '{"eTag": "\"9b3ea0e0cb7242a45ba0f2b59ed90a64\"", "size": 3917542, "mimetype": "audio/mpeg", "cacheControl": "max-age=3600", "lastModified": "2025-08-07T19:41:24.000Z", "contentLength": 3917542, "httpStatusCode": 200}', '797a52c2-e5a1-43e5-8682-599cb6f87cf8', NULL, NULL, 1),
	('6a6df876-22a4-4e3c-b810-d2c78887ac18', 'library-tracks', 'raise-your-glass-version-4.mp3', NULL, '2025-08-07 18:51:16.286292+00', '2025-08-30 13:11:56.713954+00', '2025-08-07 18:51:16.286292+00', '{"eTag": "\"97b2a2dd450ccd579e4cd853e369c82f\"", "size": 3917542, "mimetype": "audio/mpeg", "cacheControl": "max-age=3600", "lastModified": "2025-08-07T19:41:31.000Z", "contentLength": 3917542, "httpStatusCode": 200}', 'b7b8b32e-c255-4462-b318-803d6d916068', NULL, NULL, 1),
	('e3933d88-d6ec-447b-b6b5-89356aef591e', 'library-tracks', 'roaring-nights.mp3', NULL, '2025-08-07 18:51:03.536069+00', '2025-08-30 13:11:56.713954+00', '2025-08-07 18:51:03.536069+00', '{"eTag": "\"f215c401abeca10dd8c97c06bf26966c\"", "size": 793288, "mimetype": "audio/mpeg", "cacheControl": "max-age=3600", "lastModified": "2025-08-07T19:41:54.000Z", "contentLength": 793288, "httpStatusCode": 200}', '84c040eb-0230-4493-bf7d-1ceae9b2e9e9', NULL, NULL, 1),
	('ed9c27cc-83b8-4f91-aa1d-73080cef8240', 'library-tracks', 'ron-drums.wav', NULL, '2025-08-07 01:13:55.653851+00', '2025-08-30 13:11:56.713954+00', '2025-08-07 01:13:55.653851+00', '{"eTag": "\"f330c2f1ff23b478823629402238f4a5-2\"", "size": 5812492, "mimetype": "audio/wav", "cacheControl": "max-age=3600", "lastModified": "2025-08-07T01:13:56.000Z", "contentLength": 5812492, "httpStatusCode": 200}', '030d0964-41bd-422c-969a-8050363db1ed', NULL, '{"bpm": 140, "key": "Am", "name": "RON Drums", "size": 5812492, "tags": ["drums", "drum-n-bass", "electronic"], "type": "audio/wav", "genre": "drum-n-bass", "artist": "RON", "trackId": "ron-drums", "duration": 180, "originalName": "RON-drums.wav"}', 1),
	('3584cd6d-fdc6-4f0b-890e-be119ffeaa50', 'library-tracks', 'summer-showers.mp3', NULL, '2025-08-07 18:51:03.538469+00', '2025-08-30 13:11:56.713954+00', '2025-08-07 18:51:03.538469+00', '{"eTag": "\"5d795ab7fe0b21c58290e6a17569c575\"", "size": 793300, "mimetype": "audio/mpeg", "cacheControl": "max-age=3600", "lastModified": "2025-08-28T20:34:48.000Z", "contentLength": 793300, "httpStatusCode": 200}', '1ab15e6a-4b7e-417f-9301-5f65a4fc6858', NULL, NULL, 1),
	('31c966a8-7171-421b-8948-8cfe762cb486', 'library-tracks', 'raise-your-glass-version-5.mp3', NULL, '2025-08-07 18:51:15.568348+00', '2025-08-30 13:11:56.713954+00', '2025-08-07 18:51:15.568348+00', '{"eTag": "\"ad48b8c0f8a0899a07fcccc7c2a5b1db\"", "size": 3917542, "mimetype": "audio/mpeg", "cacheControl": "max-age=3600", "lastModified": "2025-08-07T19:41:38.000Z", "contentLength": 3917542, "httpStatusCode": 200}', '2ef20d51-1fae-46db-bd19-ef0c30913dd7', NULL, NULL, 1),
	('cd4a5159-4b5f-438e-b656-251cb8e86ddf', 'library-tracks', 'secrets-of-the-heart.mp3', NULL, '2025-08-07 01:13:56.663489+00', '2025-08-30 13:11:56.713954+00', '2025-08-07 01:13:56.663489+00', '{"eTag": "\"424356022c0c1e1c9d9558c555cce472\"", "size": 793300, "mimetype": "audio/mp3", "cacheControl": "max-age=3600", "lastModified": "2025-08-07T01:13:57.000Z", "contentLength": 793300, "httpStatusCode": 200}', 'e8cfd32e-a1e7-4cfe-b436-689f7bf8e3a8', NULL, '{"bpm": 120, "key": "Cm", "name": "Secrets of the Heart", "size": 793300, "tags": ["ambient", "atmospheric", "chill"], "type": "audio/mp3", "genre": "ambient", "artist": "Ambient Collective", "trackId": "secrets-of-the-heart", "duration": 240, "originalName": "Secrets of the Heart.mp3"}', 1),
	('42c76b06-f86f-4158-9e73-2f1a9b713a1f', 'library-tracks', 'secrets-of-the-sea.mp3', NULL, '2025-08-07 18:51:03.815606+00', '2025-08-30 13:11:56.713954+00', '2025-08-07 18:51:03.815606+00', '{"eTag": "\"4bf51ef2cdd17bb752d29a67e029eb39\"", "size": 793296, "mimetype": "audio/mpeg", "cacheControl": "max-age=3600", "lastModified": "2025-08-07T19:42:17.000Z", "contentLength": 793296, "httpStatusCode": 200}', '6e305766-3782-463d-9294-db20fcddc8eb', NULL, NULL, 1),
	('eea9183a-0bdc-47d6-9dfe-8c4f105e3003', 'library-tracks', 'summer-rain-serenade.mp3', NULL, '2025-08-07 18:51:03.792832+00', '2025-08-30 13:11:56.713954+00', '2025-08-07 18:51:03.792832+00', '{"eTag": "\"f81c68ecae1c7d3920f63b4d40770fbd\"", "size": 793300, "mimetype": "audio/mpeg", "cacheControl": "max-age=3600", "lastModified": "2025-08-07T19:42:31.000Z", "contentLength": 793300, "httpStatusCode": 200}', '3e3daf93-0a4d-49a6-900e-9c853e793581', NULL, NULL, 1),
	('6a1a4990-2833-4331-821d-6ed76fd084e5', 'library-tracks', 'technicolor-chase-version-2.mp3', NULL, '2025-08-07 18:51:15.335372+00', '2025-08-30 13:11:56.713954+00', '2025-08-07 18:51:15.335372+00', '{"eTag": "\"59d8ccb200d3eebbcfae130d75c1e7ec\"", "size": 3914088, "mimetype": "audio/mpeg", "cacheControl": "max-age=3600", "lastModified": "2025-08-07T19:43:01.000Z", "contentLength": 3914088, "httpStatusCode": 200}', '0e6f0ed0-8498-43d6-9881-8cbb3ea33d95', NULL, NULL, 1),
	('f207605a-3fe2-4043-9e6c-b27fe77c82c1', 'library-tracks', 'this-loves-a-serenade-version-1.mp3', NULL, '2025-08-07 18:51:23.826752+00', '2025-08-30 13:11:56.713954+00', '2025-08-07 18:51:23.826752+00', '{"eTag": "\"62654ff5e87cf0807d73ddc0096c620f\"", "size": 1576678, "mimetype": "audio/mpeg", "cacheControl": "max-age=3600", "lastModified": "2025-08-07T19:43:36.000Z", "contentLength": 1576678, "httpStatusCode": 200}', '3a32f3af-63d7-4018-8ce9-64bd958e0ae7', NULL, NULL, 1),
	('5a20f2ca-6ed7-4f9b-92f4-7e7c4afa4e75', 'library-tracks', 'this-loves-a-serenade-version-2.mp3', NULL, '2025-08-07 18:51:23.51456+00', '2025-08-30 13:11:56.713954+00', '2025-08-07 18:51:23.51456+00', '{"eTag": "\"17f166a2909f8a443dc16de6f728d887\"", "size": 1576678, "mimetype": "audio/mpeg", "cacheControl": "max-age=3600", "lastModified": "2025-08-07T19:43:41.000Z", "contentLength": 1576678, "httpStatusCode": 200}', '74c519e9-20d9-4199-babb-449597e2e783', NULL, NULL, 1),
	('ff0ed1f4-1fc6-4056-b63e-ea1e3c3f3f84', 'library-tracks', 'this-loves-a-serenade-version-3.mp3', NULL, '2025-08-07 18:51:23.539999+00', '2025-08-30 13:11:56.713954+00', '2025-08-07 18:51:23.539999+00', '{"eTag": "\"ec49e86235c224817edcb9f78d536848\"", "size": 1576678, "mimetype": "audio/mpeg", "cacheControl": "max-age=3600", "lastModified": "2025-08-07T19:43:46.000Z", "contentLength": 1576678, "httpStatusCode": 200}', '57718c5d-93d4-4ded-bf01-3e8b35411b84', NULL, NULL, 1),
	('c655bb4d-9a9f-4ad3-a29a-73264b12a32f', 'library-tracks', 'this-loves-a-serenade-version-4.mp3', NULL, '2025-08-07 18:51:23.876564+00', '2025-08-30 13:11:56.713954+00', '2025-08-07 18:51:23.876564+00', '{"eTag": "\"f53c38864af385cda90a9b1475e01149\"", "size": 1576678, "mimetype": "audio/mpeg", "cacheControl": "max-age=3600", "lastModified": "2025-08-07T19:43:53.000Z", "contentLength": 1576678, "httpStatusCode": 200}', 'cb5d0983-3524-46f2-9ddc-b6de333d3223', NULL, NULL, 1),
	('71bbbb55-494d-4c97-89e8-25f2aebb516b', 'library-tracks', 'this-loves-a-serenade-version-5.mp3', NULL, '2025-08-07 18:51:21.401035+00', '2025-08-30 13:11:56.713954+00', '2025-08-07 18:51:21.401035+00', '{"eTag": "\"fe4a0828595be4950e3a42843f2f625d\"", "size": 793304, "mimetype": "audio/mpeg", "cacheControl": "max-age=3600", "lastModified": "2025-08-07T19:44:00.000Z", "contentLength": 793304, "httpStatusCode": 200}', '12a77683-00d4-49c3-bfa0-1871a892a928', NULL, NULL, 1),
	('67e9f6a8-6f0a-46fb-b984-a93788fae792', 'library-tracks', 'underneath-the-moonlight-version-1.mp3', NULL, '2025-08-07 18:51:26.377952+00', '2025-08-30 13:11:56.713954+00', '2025-08-07 18:51:26.377952+00', '{"eTag": "\"725126394404398871a0f5b8fe67d4ff\"", "size": 3139954, "mimetype": "audio/mpeg", "cacheControl": "max-age=3600", "lastModified": "2025-08-07T19:44:46.000Z", "contentLength": 3139954, "httpStatusCode": 200}', '0dfa07d0-e806-4273-b455-bbc5ee169e1c', NULL, NULL, 1),
	('146b502a-6a94-4399-8a19-0a0c3eaa5e41', 'library-tracks', 'underneath-the-moonlight-version-2.mp3', NULL, '2025-08-07 18:51:26.146522+00', '2025-08-30 13:11:56.713954+00', '2025-08-07 18:51:26.146522+00', '{"eTag": "\"ba5b74a5daf18113f5f56e3d78917b9e\"", "size": 3139954, "mimetype": "audio/mpeg", "cacheControl": "max-age=3600", "lastModified": "2025-08-07T19:44:52.000Z", "contentLength": 3139954, "httpStatusCode": 200}', 'cd3cf0e3-3c91-43fb-a3d1-0b9b1aba588f', NULL, NULL, 1),
	('1a7ed637-b25d-4547-83e0-b50e4626555f', 'library-tracks', 'unveiled-desires.wav', NULL, '2025-08-07 01:14:00.685197+00', '2025-08-30 13:11:56.713954+00', '2025-08-07 01:14:00.685197+00', '{"eTag": "\"9f24f40fb1929064e6520a56fb9f5aad-2\"", "size": 6299692, "mimetype": "audio/wav", "cacheControl": "max-age=3600", "lastModified": "2025-08-07T01:14:01.000Z", "contentLength": 6299692, "httpStatusCode": 200}', '536b5f91-5592-4265-981c-76b530eabfc4', NULL, '{"bpm": 135, "key": "Em", "name": "Unveiled Desires", "size": 6299692, "tags": ["techno", "dark", "industrial"], "type": "audio/wav", "genre": "techno", "artist": "Techno Collective", "trackId": "unveiled-desires", "duration": 220, "originalName": "Unveiled Desires.wav"}', 1);


--
-- Data for Name: prefixes; Type: TABLE DATA; Schema: storage; Owner: supabase_storage_admin
--

INSERT INTO "storage"."prefixes" ("bucket_id", "name", "created_at", "updated_at") VALUES
	('user-uploads', '0798e023-98e8-4282-932b-e137df54125c', '2025-08-30 13:11:56.598192+00', '2025-08-30 13:11:56.598192+00');


--
-- Data for Name: s3_multipart_uploads; Type: TABLE DATA; Schema: storage; Owner: supabase_storage_admin
--



--
-- Data for Name: s3_multipart_uploads_parts; Type: TABLE DATA; Schema: storage; Owner: supabase_storage_admin
--



--
-- Name: refresh_tokens_id_seq; Type: SEQUENCE SET; Schema: auth; Owner: supabase_auth_admin
--

SELECT pg_catalog.setval('"auth"."refresh_tokens_id_seq"', 146, true);


--
-- PostgreSQL database dump complete
--

RESET ALL;
